{
  "placement_scenarios": {
    "30": {
      "A": [
        "n51",
        "n87",
        "n214",
        "n230",
        "n304",
        "n340",
        "n402",
        "n411",
        "n471",
        "n485",
        "n507",
        "n514",
        "n563",
        "n581",
        "n641",
        "n657",
        "n658",
        "n666",
        "n681",
        "n705",
        "n716",
        "n730",
        "n757",
        "n775"
      ],
      "B": [
        "n215",
        "n625"
      ],
      "C": [
        "n5",
        "n21",
        "n347",
        "n381"
      ]
    }
  },
  "acc_realisations": [
    0.001,
    0.0009619397699999999,
    0.00085355339,
    0.0006913417200000001,
    0.0005,
    0.00030865828000000003,
    0.00014644661,
    3.806023e-05,
    0.0
  ],
  "rgh_realisations": [
    0.3,
    0.28858193099999996,
    0.256066017,
    0.207402516,
    0.15,
    0.092597484,
    0.043933983,
    0.011418069,
    0.0
  ],
  "dem_realisations": [
    0.3,
    0.28858193099999996,
    0.256066017,
    0.207402516,
    0.15,
    0.092597484,
    0.043933983,
    0.011418069,
    0.0
  ],
  "cusum_realisations": null,
  "resume_at": 1,
  "stop_at": null
}